id;last_login;about_me;occupation;social_media;civil_status;firstchild;secondchild;thirdchild;fourthchild;filesquota;approver_since;last_approval
1;2022-08-13;maximize Utah;compressing deliverables;Avon redundant;ENGAGED;AGE_04_06;AGE_04_06;AGE_10_12;AGE_00_03;86780;2022-08-12;2022-08-12
2;2022-08-13;capacity;alarm;SMTP;ENGAGED;AGE_13_15;AGE_13_15;AGE_10_12;AGE_10_12;53014;2022-08-13;2022-08-13
3;2022-08-13;revolutionize;Iowa;Bedfordshire;WIDOWER;AGE_10_12;AGE_07_09;AGE_16_18;AGE_04_06;64460;2022-08-13;2022-08-12
4;2022-08-13;Terrace Tasty;Reverse-engineered analyzing;hack;ENGAGED;AGE_00_03;AGE_04_06;AGE_16_18;AGE_10_12;64619;2022-08-12;2022-08-12
5;2022-08-13;Mississippi back-end standardization;Bacon Supervisor Tasty;Kids Focused;OTHER;AGE_04_06;AGE_13_15;AGE_00_03;AGE_04_06;20582;2022-08-13;2022-08-12
6;2022-08-13;Car;1080p Streamlined;homogeneous Beauty;MARRIED;AGE_07_09;AGE_00_03;AGE_00_03;AGE_00_03;96685;2022-08-13;2022-08-13
7;2022-08-12;withdrawal Shirt;Albania;primary deposit;MARRIED;AGE_16_18;AGE_10_12;AGE_07_09;AGE_00_03;57643;2022-08-13;2022-08-12
8;2022-08-13;purple superstructure pink;Baby maroon;Rubber Ukraine;SINGLE;AGE_07_09;AGE_07_09;AGE_10_12;AGE_04_06;33471;2022-08-12;2022-08-12
9;2022-08-13;Dam;PCI;olive compressing Soft;DIVORCED;AGE_00_03;AGE_07_09;AGE_16_18;AGE_16_18;46409;2022-08-13;2022-08-12
10;2022-08-13;Rustic upward-trending Loan;red Tasty;Bacon platforms;SINGLE;AGE_04_06;AGE_16_18;AGE_13_15;AGE_10_12;76121;2022-08-13;2022-08-13
